{\rtf1\ansi\ansicpg1252\cocoartf1404\cocoasubrtf470
{\fonttbl\f0\fmodern\fcharset0 Courier;}
{\colortbl;\red255\green255\blue255;\red0\green0\blue0;}
\margl1440\margr1440\vieww10800\viewh8400\viewkind0
\deftab720
\pard\pardeftab720\sl280\partightenfactor0

\f0\fs24 \cf2 \expnd0\expndtw0\kerning0
\outl0\strokewidth0 \strokec2 \{\
    "glossary": \{\
        "title": "example glossary",\
		"GlossDiv": \{\
            "title": "S",\
			"GlossList": \{\
                "GlossEntry": \{\
                    "ID": "SGML",\
					"SortAs": "SGML",\
					"GlossTerm": "Standard Generalized Markup Language",\
					"Acronym": "SGML",\
					"Abbrev": "ISO 8879:1986",\
					"GlossDef": \{\
                        "para": "A meta-markup language, used to create markup languages such as DocBook.",\
						"GlossSeeAlso": ["GML", "XML"]\
                    \},\
					"GlossSee": "markup"\
                \}\
            \}\
        \}\
    \}\
\}\
}